julian-date,time,view,cloud,degree,icetype,depth,texture,icelayer,debris,color,broadband-alb,visible-alb,infrared-alb,band1-alb,band2-alb,band3-alb,band4-alb,band5-alb,band6-alb,thickness,pond-num
147,1310,CR,SC,5,3,0.09,1,0,1,7,0.4,0.62,0.18,0.7,0.68,0.52,0.26,0.2,0.14,0,1
147,1340,CR,SC,5,3,0,1,0,1,6,0.51,0.64,0.38,0.69,0.67,0.61,0.49,0.38,0.26,0,2
148,1931,CR,SC,5,1,0.03,1,0,0,4,0.48,0.67,0.29,0.73,0.71,0.63,0.44,0.3,0.15,0,3
148,1943,CR,SC,5,1,0.03,1,0,0,4,0.42,0.59,0.25,0.65,0.63,0.55,0.37,0.26,0.15,0,4
148,2004,CR,SC,5,1,0.04,1,0,0,4,0.43,0.56,0.31,0.61,0.6,0.52,0.38,0.31,0.25,0,5
148,2035,CR,SC,5,1,0.02,1,0,0,4,0.44,0.59,0.28,0.64,0.62,0.57,0.4,0.29,0.17,0,6
148,2045,B5,SC,5,1,0.02,1,0,0,4,0.51,0.67,0.36,0.76,0.74,0.67,0.46,0.37,0.28,0,7
149,1337,CR,SC,5,1,0.04,0,0,1,2,0.35,0.52,0.18,0.58,0.56,0.48,0.29,0.19,0.08,0,8
149,1349,CR,SC,5,1,0.03,0,0,0,2,0.42,0.62,0.23,0.68,0.66,0.57,0.37,0.23,0.09,0,9
149,1449,B5,SC,4,2,0.13,0,0,0,10,0.38,0.5,0.25,0.6,0.58,0.41,0.17,0.31,0.45,0,10
149,1511,CR,SC,4,2,0.07,1,0,0,5,0.31,0.49,0.13,0.57,0.55,0.39,0.19,0.13,0.07,0,11
149,1520,CR,SC,5,2,0.08,1,0,0,2,0.31,0.5,0.12,0.58,0.56,0.41,0.2,0.13,0.06,0,12
149,1530,CR,SC,5,2,0.13,1,0,0,4,0.29,0.45,0.13,0.52,0.51,0.41,0.21,0.14,0.07,0,13
149,1543,CR,SC,5,2,0.1,0,0,0,10,0.28,0.45,0.11,0.53,0.51,0.38,0.17,0.12,0.06,0,14
149,1655,CR,SC,4,1,0.05,0,0,0,4,0.49,0.66,0.31,0.76,0.74,0.64,0.4,0.34,0.27,0,15
149,1658,CR,SC,4,1,0.02,0,0,0,4,0.46,0.59,0.33,0.68,0.66,0.56,0.36,0.37,0.38,0,16
150,1038,B5,ST,5,2,0.41,1,0,0,8,0.21,0.32,0.1,0.4,0.39,0.24,0.07,0.12,0.17,0,17
150,1054,B5,ST,5,2,0.12,1,0,0,6,0.3,0.46,0.15,0.55,0.53,0.41,0.17,0.18,0.18,0,18
150,1107,B5,ST,5,2,0.09,1,0,1,12,0.14,0.19,0.1,0.22,0.21,0.22,0.12,0.11,0.1,0,19
150,1115,B5,ST,5,2,0.11,1,0,0,6,0.25,0.38,0.12,0.45,0.43,0.35,0.16,0.13,0.1,0,20
150,1115,B5,ST,5,2,0.1,1,0,0,6,0.33,0.51,0.15,0.62,0.6,0.44,0.2,0.16,0.12,0,21
150,1116,B5,ST,5,2,0.12,1,0,0,6,0.34,0.55,0.14,0.67,0.65,0.45,0.19,0.16,0.12,0,22
150,1117,B5,ST,5,2,0.12,1,0,0,6,0.32,0.53,0.11,0.67,0.65,0.41,0.14,0.13,0.11,0,23
150,1118,B5,ST,5,2,0.12,1,0,0,6,0.35,0.58,0.12,0.73,0.71,0.46,0.18,0.14,0.11,0,24
150,1119,B5,ST,5,2,0.1,1,0,0,6,0.4,0.64,0.16,0.8,0.78,0.55,0.24,0.18,0.12,0,25
150,1119,B5,ST,5,2,0.09,1,0,0,6,0.36,0.56,0.15,0.69,0.67,0.49,0.22,0.17,0.12,0,26
150,955,B5,ST,5,1,0.02,1,0,0,4,0.5,0.66,0.33,0.77,0.75,0.63,0.45,0.33,0.22,0,27
150,957,B5,ST,5,1,0.05,1,0,0,4,0.45,0.65,0.25,0.77,0.74,0.6,0.35,0.27,0.19,0,28
150,958,B5,ST,5,1,0.04,0,0,0,6,0.46,0.65,0.28,0.76,0.74,0.6,0.38,0.3,0.21,0,29
150,959,B5,ST,5,1,0.03,1,0,0,4,0.51,0.69,0.33,0.8,0.78,0.65,0.44,0.34,0.24,0,30
150,1000,B5,ST,5,1,0.03,1,0,0,6,0.43,0.6,0.26,0.7,0.68,0.53,0.33,0.28,0.23,0,31
150,1002,B5,ST,5,1,0.04,1,0,0,6,0.4,0.57,0.24,0.66,0.65,0.5,0.3,0.26,0.23,0,32
150,1007,B5,ST,5,1,0.06,1,0,0,6,0.38,0.54,0.23,0.63,0.61,0.49,0.27,0.25,0.23,0,33
150,1009,B5,ST,5,1,0.06,1,0,0,4,0.32,0.46,0.19,0.52,0.51,0.4,0.22,0.22,0.22,0,34
151,815,B5,AC,2,2,0.13,1,1,1,12,0.26,0.43,0.09,0.52,0.5,0.35,0.13,0.11,0.08,0.2,35
151,816,B5,AC,2,2,0.18,1,1,0,3,0.24,0.4,0.07,0.49,0.47,0.28,0.08,0.08,0.09,0.2,36
151,816,B5,AC,2,2,0.18,0,0,0,6,0.24,0.4,0.07,0.49,0.47,0.27,0.08,0.09,0.1,0,37
151,817,B5,AC,2,2,0.15,0,0,0,6,0.22,0.36,0.07,0.44,0.43,0.25,0.07,0.09,0.11,0,38
151,857,B5,AC,2,2,0.14,0,1,0,4,0.35,0.6,0.11,0.74,0.72,0.46,0.15,0.13,0.1,0.2,39
151,858,B5,AC,2,2,0.13,0,1,0,4,0.37,0.62,0.12,0.77,0.75,0.48,0.17,0.14,0.11,0.2,40
151,859,B5,AC,2,2,0.12,0,0,0,4,0.42,0.62,0.22,0.77,0.74,0.47,0.17,0.28,0.38,0,41
151,830,B5,AC,2,2,0.11,1,0,1,4,0.27,0.46,0.09,0.56,0.54,0.36,0.13,0.1,0.07,0,42
151,831,B5,AC,2,2,0.14,1,0,1,4,0.29,0.49,0.09,0.61,0.59,0.38,0.13,0.1,0.08,0,43
151,832,B5,AC,2,2,0.17,0,0,1,4,0.37,0.63,0.1,0.8,0.78,0.51,0.16,0.12,0.08,0,44
151,833,B5,AC,2,2,0.18,0,1,1,4,0.29,0.5,0.08,0.63,0.61,0.37,0.11,0.09,0.08,0.2,45
151,834,B5,AC,2,2,0.21,0,1,1,4,0.33,0.58,0.08,0.74,0.72,0.44,0.12,0.1,0.08,0.2,46
151,836,B5,AC,2,2,0.17,0,0,1,6,0.39,0.67,0.11,0.86,0.83,0.56,0.18,0.13,0.08,0,47
151,837,B5,AC,2,2,0.12,0,0,1,6,0.32,0.53,0.1,0.66,0.64,0.44,0.16,0.12,0.08,0,48
151,838,B5,AC,2,2,0.11,0,0,1,6,0.36,0.59,0.12,0.74,0.71,0.51,0.2,0.14,0.08,0,49
151,839,B5,AC,2,2,0.14,1,0,1,6,0.37,0.63,0.11,0.69,0.63,0.57,0.18,0.13,0.08,0,50
151,841,B5,AC,2,2,0.14,1,0,1,6,0.31,0.53,0.09,0.65,0.63,0.41,0.14,0.11,0.08,0,51
151,1112,B5,AS,1,3,0.07,1,1,1,1,0.34,0.57,0.12,0.67,0.65,0.52,0.25,0.13,0.01,0.1,52
151,1114,B5,AS,1,3,0.08,1,1,1,1,0.33,0.55,0.1,0.66,0.64,0.47,0.21,0.11,0.01,0.1,53
151,1116,B5,AS,1,3,0.18,1,0,1,2,0.31,0.54,0.08,0.65,0.63,0.48,0.18,0.09,0,0,54
151,1117,B5,AS,1,3,0.21,1,1,1,2,0.3,0.53,0.07,0.64,0.63,0.45,0.15,0.08,0,0.1,55
151,1119,B5,AS,1,3,0.18,1,0,1,2,0.31,0.55,0.07,0.66,0.64,0.47,0.16,0.08,0,0,56
151,1121,B5,AS,1,3,0.22,1,0,1,2,0.21,0.39,0.03,0.47,0.45,0.27,0.06,0.03,0,0,57
151,1122,B5,AS,1,3,0.27,1,0,1,2,0.21,0.4,0.02,0.48,0.46,0.28,0.06,0.03,0,0,58
151,1123,B5,AS,1,3,0.32,1,1,1,2,0.2,0.37,0.02,0.46,0.45,0.26,0.05,0.03,0,0.1,59
151,1125,B5,AS,1,3,0.33,1,0,1,11,0.12,0.23,0.01,0.33,0.32,0.17,0.03,0.01,0,0,60
151,1127,B5,AS,1,3,0.06,1,0,1,3,0.33,0.55,0.11,0.67,0.65,0.48,0.22,0.12,0.01,0,61
151,1128,B5,AS,1,3,0.05,1,1,1,3,0.43,0.68,0.18,0.8,0.78,0.63,0.34,0.18,0.03,0.1,62
151,1132,B5,AS,1,3,0.4,1,0,1,1,0.26,0.48,0.03,0.6,0.58,0.37,0.07,0.04,0,0,63
151,1133,B5,AS,1,3,0.51,1,0,1,5,0.24,0.47,0.02,0.6,0.58,0.3,0.04,0.02,0,0,64
151,1134,B5,AS,1,3,0.72,1,0,1,6,0.24,0.46,0.01,0.6,0.58,0.28,0.03,0.02,0,0,65
151,1135,B5,AS,1,3,0.79,1,0,1,6,0.22,0.44,0.01,0.56,0.54,0.24,0.02,0.01,0,0,66
151,1136,B5,AS,1,3,0.86,1,0,1,6,0.23,0.46,0.01,0.6,0.58,0.26,0.02,0.01,0,0,67
153,931,B5,SC,5,3,0.1,1,1,0,7,0.24,0.37,0.11,0.44,0.43,0.24,0.08,0.14,0.19,1.8,68
153,932,B5,SC,5,3,0.08,1,1,0,7,0.25,0.37,0.12,0.45,0.43,0.25,0.09,0.15,0.2,1.8,69
153,932,B5,SC,5,3,0.04,1,1,0,7,0.26,0.38,0.13,0.46,0.44,0.25,0.09,0.15,0.21,1.8,70
153,933,B5,SC,5,3,0.08,1,1,0,7,0.28,0.42,0.13,0.5,0.49,0.29,0.11,0.16,0.22,1.8,71
153,953,CR,SC,5,3,0.09,1,1,0,6,0.36,0.5,0.22,0.55,0.54,0.45,0.3,0.22,0.14,1.5,72
153,1003,CR,SC,5,3,0.21,1,1,1,8,0.28,0.43,0.13,0.5,0.48,0.37,0.18,0.14,0.09,1.8,73
153,1010,CR,SC,5,3,0.08,1,1,0,5,0.26,0.4,0.12,0.46,0.45,0.34,0.17,0.13,0.08,0.6,74
153,1020,CR,SC,5,3,0.1,1,1,0,3,0.26,0.4,0.12,0.45,0.44,0.34,0.17,0.12,0.07,1.6,75
153,1032,CR,SC,5,3,0.26,1,1,0,6,0.17,0.27,0.07,0.32,0.31,0.22,0.1,0.08,0.05,1,76
153,1042,CR,SC,5,3,0.1,1,1,0,5,0.23,0.35,0.11,0.4,0.39,0.29,0.16,0.11,0.05,4.5,77
153,1440,B5,SC,5,3,0.24,1,1,0,8,0.3,0.49,0.11,0.6,0.58,0.38,0.12,0.13,0.14,1.5,78
153,1457,CR,SC,5,3,0.18,1,1,1,6,0.19,0.3,0.08,0.35,0.34,0.25,0.12,0.09,0.05,0.6,79
153,1504,CR,SC,5,3,0.09,1,1,0,8,0.18,0.28,0.08,0.33,0.32,0.21,0.1,0.08,0.06,2.7,80
153,1510,CR,SC,5,3,0.09,1,1,0,5,0.26,0.41,0.12,0.46,0.45,0.36,0.18,0.12,0.07,1.5,81
154,1127,B5,FO,3,3,0.18,1,0,1,6,0.36,0.58,0.13,0.72,0.69,0.5,0.19,0.15,0.11,0,82
154,1127,B5,FO,3,3,0.26,1,0,1,6,0.33,0.55,0.1,0.69,0.67,0.44,0.14,0.12,0.11,0,83
154,1128,B5,FO,3,3,0.32,1,0,1,6,0.33,0.56,0.1,0.71,0.69,0.44,0.12,0.12,0.11,0,84
154,1128,B5,FO,3,3,0.4,1,0,1,6,0.33,0.57,0.09,0.73,0.71,0.44,0.11,0.11,0.11,0,85
154,1129,B5,FO,3,3,0.39,1,0,1,6,0.36,0.62,0.1,0.81,0.78,0.48,0.12,0.12,0.12,0,86
154,1130,B5,FO,3,3,0.36,1,0,1,6,0.34,0.59,0.09,0.75,0.73,0.45,0.11,0.12,0.12,0,87
154,1131,B5,FO,2,3,0.39,1,0,1,6,0.3,0.51,0.08,0.65,0.63,0.38,0.09,0.1,0.12,0,88
154,1131,B5,FO,2,3,0.35,1,0,1,6,0.32,0.54,0.09,0.69,0.67,0.4,0.1,0.11,0.13,0,89
154,1132,B5,FO,2,3,0.36,1,0,1,6,0.32,0.54,0.09,0.68,0.66,0.4,0.1,0.12,0.13,0,90
154,1132,B5,FO,2,3,0.28,1,0,1,6,0.33,0.56,0.1,0.71,0.69,0.44,0.13,0.13,0.12,0,91
154,1133,B5,FO,2,3,0.26,1,0,1,6,0.35,0.6,0.11,0.76,0.73,0.49,0.14,0.13,0.12,0,92
154,1134,B5,FO,3,3,0.25,1,0,1,6,0.4,0.67,0.13,0.84,0.82,0.58,0.19,0.15,0.12,0,93
154,1135,B5,FO,3,3,0.31,1,0,1,6,0.22,0.37,0.07,0.48,0.47,0.27,0.06,0.09,0.12,0,94
154,1136,B5,FO,3,3,0.37,1,0,1,6,0.32,0.55,0.09,0.71,0.69,0.41,0.1,0.11,0.13,0,95
154,1137,B5,FO,3,3,0.21,1,0,1,6,0.25,0.4,0.1,0.49,0.48,0.33,0.11,0.12,0.12,0,96
154,1138,B5,FO,3,3,0.11,1,0,1,6,0.37,0.56,0.18,0.66,0.64,0.52,0.26,0.2,0.14,0,97
154,1156,B5,FO,3,3,0.28,1,1,1,3,0.31,0.49,0.13,0.6,0.58,0.39,0.15,0.15,0.15,0.4,98
154,1156,B5,FO,3,3,0.5,1,1,1,3,0.25,0.43,0.07,0.55,0.54,0.3,0.07,0.09,0.11,0.4,99
154,1157,B5,FO,3,3,0.56,1,1,1,3,0.23,0.39,0.07,0.51,0.5,0.26,0.05,0.08,0.12,0.4,100
154,1158,B5,FO,2,3,0.65,1,1,1,3,0.27,0.47,0.07,0.62,0.6,0.31,0.06,0.09,0.12,0.4,101
154,1159,B5,FO,3,3,0.56,1,0,1,3,0.23,0.4,0.07,0.52,0.5,0.27,0.05,0.08,0.12,0,102
154,1200,B5,FO,3,3,0.59,1,0,1,3,0.24,0.41,0.07,0.52,0.51,0.27,0.05,0.09,0.13,0,103
154,1201,B5,FO,3,3,0.61,1,0,1,3,0.23,0.39,0.07,0.5,0.48,0.26,0.05,0.09,0.13,0,104
154,1203,B5,FO,3,3,0.3,1,0,1,3,0.28,0.47,0.09,0.57,0.56,0.36,0.1,0.11,0.13,0,105
154,1205,B5,FO,3,3,0.69,1,0,1,3,0.25,0.43,0.07,0.56,0.55,0.28,0.05,0.09,0.14,0,106
154,1205,B5,FO,3,3,0.66,1,0,1,3,0.26,0.43,0.08,0.56,0.54,0.29,0.06,0.1,0.14,0,107
154,1447,B5,CS,2,2,0.17,1,1,0,6,0.3,0.49,0.12,0.59,0.57,0.38,0.14,0.13,0.13,3,108
154,1450,B5,CS,2,2,0.16,1,1,0,6,0.34,0.55,0.12,0.67,0.65,0.42,0.14,0.15,0.16,3,109
154,1453,B5,CS,2,2,0.08,1,1,0,6,0.33,0.5,0.15,0.59,0.58,0.37,0.16,0.17,0.19,2.8,110
154,1456,B5,CS,2,2,0.1,1,0,0,4,0.29,0.44,0.14,0.53,0.51,0.37,0.14,0.17,0.19,0,111
154,1457,B5,CS,2,2,0.12,1,0,1,4,0.29,0.45,0.14,0.54,0.53,0.38,0.14,0.17,0.19,0,112
154,1500,B5,CS,2,2,0.31,1,0,0,5,0.24,0.38,0.1,0.48,0.46,0.25,0.06,0.13,0.19,0,113
154,1501,B5,CS,2,2,0.35,1,0,1,4,0.23,0.35,0.1,0.44,0.42,0.23,0.06,0.13,0.2,0,114
154,1502,B5,CS,2,2,0.33,0,0,1,4,0.26,0.41,0.1,0.52,0.5,0.26,0.06,0.13,0.2,0,115
154,1503,B5,CS,2,2,0.32,0,0,1,4,0.3,0.49,0.12,0.6,0.59,0.35,0.1,0.15,0.2,0,116
154,1503,B5,CS,2,2,0.28,1,0,0,4,0.31,0.5,0.12,0.63,0.61,0.36,0.1,0.15,0.2,0,117
154,1504,B5,CS,2,2,0.31,0,0,1,4,0.3,0.48,0.12,0.59,0.57,0.35,0.09,0.14,0.2,0,118
155,1435,B1,SC,4,2,0.26,1,0,0,6,0.18,0.34,0.02,0.43,0.42,0.22,0.05,0.03,0,0,119
155,1436,B1,SC,4,2,0.26,1,0,0,6,0.2,0.38,0.02,0.48,0.47,0.24,0.05,0.03,0,0,120
155,1437,B1,SC,4,2,0.28,1,0,0,6,0.21,0.4,0.03,0.5,0.48,0.25,0.05,0.03,0,0,121
155,1437,B1,SC,4,2,0.26,1,0,0,6,0.21,0.39,0.02,0.48,0.47,0.24,0.05,0.03,0,0,122
155,1438,B1,SC,4,2,0.3,0,0,0,6,0.21,0.4,0.03,0.49,0.47,0.26,0.06,0.03,0,0,123
155,1439,B1,SC,4,2,0.31,0,0,1,6,0.21,0.39,0.02,0.47,0.46,0.25,0.06,0.03,0,0,124
155,1440,B1,SC,4,2,0.36,1,0,0,6,0.19,0.36,0.02,0.44,0.43,0.21,0.04,0.02,0,0,125
155,1441,B1,SC,4,2,0.38,0,0,0,6,0.18,0.35,0.02,0.43,0.41,0.19,0.04,0.02,0,0,126
155,1442,B1,SC,4,2,0.39,0,0,1,6,0.18,0.35,0.02,0.42,0.42,0.21,0.04,0.02,0,0,127
155,1442,B1,SC,4,2,0.33,1,0,0,6,0.18,0.34,0.02,0.42,0.41,0.21,0.04,0.02,0,0,128
155,1443,B1,SC,4,2,0.26,0,0,0,6,0.21,0.39,0.02,0.47,0.46,0.25,0.05,0.03,0,0,129
155,1444,B1,SC,4,2,0.24,0,0,0,6,0.22,0.41,0.02,0.5,0.48,0.26,0.06,0.03,0,0,130
155,1445,B1,SC,4,2,0.25,0,0,1,6,0.2,0.39,0.02,0.48,0.46,0.23,0.05,0.02,0,0,131
155,1446,B1,SC,5,2,0.2,1,0,0,6,0.21,0.4,0.02,0.48,0.47,0.24,0.06,0.03,0,0,132
155,1448,B1,SC,5,2,0.25,0,0,1,6,0.22,0.42,0.02,0.5,0.49,0.26,0.06,0.03,0,0,133
155,1449,B1,SC,4,2,0.36,1,0,1,6,0.17,0.33,0.02,0.41,0.4,0.2,0.04,0.02,0,0,134
155,1450,B1,SC,4,2,0.39,0,0,0,6,0.18,0.34,0.02,0.42,0.41,0.19,0.04,0.02,0,0,135
155,1451,B1,SC,5,2,0.36,1,0,0,6,0.18,0.34,0.02,0.42,0.41,0.2,0.04,0.02,0,0,136
155,1452,B1,SC,5,2,0.32,1,0,0,6,0.17,0.33,0.02,0.39,0.39,0.21,0.05,0.02,0,0,137
155,1453,B1,SC,4,2,0.25,1,0,0,3,0.24,0.45,0.04,0.52,0.51,0.32,0.09,0.05,0,0,138
155,1454,B1,SC,4,2,0.28,1,0,0,6,0.22,0.41,0.02,0.48,0.48,0.26,0.06,0.03,0,0,139
155,1900,B1,SC,4,3,0.09,1,1,0,6,0.13,0.23,0.03,0.27,0.26,0.18,0.07,0.04,0,2.5,140
155,1904,B1,SC,4,3,0.13,1,1,0,2,0.23,0.4,0.06,0.45,0.44,0.33,0.13,0.07,0,2.5,141
155,1904,B1,SC,4,3,0.07,1,1,0,1,0.29,0.45,0.14,0.5,0.49,0.39,0.23,0.13,0.04,0.4,142
155,1909,B1,SC,4,3,0.11,1,1,0,4,0.22,0.33,0.11,0.38,0.37,0.28,0.17,0.11,0.04,2.5,143
155,1911,B1,SC,4,3,0.1,1,1,0,9,0.16,0.29,0.03,0.35,0.34,0.21,0.06,0.03,0.01,2.5,144
155,1917,B1,SC,3,3,0.07,1,0,0,5,0.23,0.38,0.08,0.44,0.43,0.31,0.13,0.08,0.03,0,145
155,1925,B1,SC,3,3,0.69,1,0,0,10,0.14,0.27,0.02,0.35,0.34,0.18,0.04,0.03,0.01,0,146
155,1928,B1,SC,3,3,0.18,1,0,0,2,0.32,0.57,0.07,0.69,0.67,0.46,0.16,0.08,0.01,0,147
155,1936,B1,SC,3,3,0.35,1,0,1,12,0.18,0.32,0.04,0.4,0.39,0.25,0.06,0.05,0.03,0,148
155,1936,B1,SC,3,3,0.37,1,0,1,12,0.17,0.31,0.04,0.39,0.38,0.24,0.06,0.04,0.03,0,149
155,1937,B1,SC,3,3,0.51,1,0,1,12,0.14,0.25,0.03,0.33,0.32,0.2,0.04,0.04,0.03,0,150
155,1938,B1,SC,3,3,0.67,1,0,1,12,0.14,0.25,0.03,0.33,0.32,0.18,0.03,0.03,0.03,0,151
155,1939,B1,SC,3,3,0.67,1,0,1,12,0.13,0.24,0.02,0.33,0.32,0.18,0.03,0.03,0.03,0,152
155,1939,B1,SC,3,3,0.62,1,0,1,12,0.14,0.25,0.03,0.33,0.32,0.19,0.04,0.04,0.03,0,153
155,1940,B1,SC,3,3,0.55,1,0,1,12,0.16,0.26,0.05,0.34,0.33,0.23,0.06,0.05,0.04,0,154
155,1940,B1,SC,3,3,0.44,1,0,1,12,0.16,0.27,0.04,0.35,0.34,0.24,0.06,0.05,0.04,0,155
155,1941,B1,SC,3,3,0.66,1,0,1,12,0.15,0.27,0.03,0.35,0.34,0.2,0.04,0.04,0.04,0,156
155,1942,B1,SC,3,3,0.25,1,0,1,13,0.17,0.28,0.06,0.36,0.35,0.28,0.1,0.07,0.04,0,157
156,1805,B1,SC,1,3,0.28,1,0,1,2,0.23,0.43,0.03,0.52,0.51,0.32,0.07,0.04,0.01,0,158
156,1806,B1,SC,1,3,0.42,1,0,1,2,0.2,0.38,0.02,0.48,0.46,0.25,0.04,0.02,0.01,0,159
156,1806,B1,SC,1,3,0.28,1,0,1,2,0.3,0.54,0.05,0.66,0.64,0.42,0.11,0.06,0.01,0,160
156,1807,B1,SC,1,3,0.23,1,0,1,2,0.33,0.59,0.07,0.72,0.7,0.48,0.15,0.08,0.01,0,161
156,1808,B1,SC,1,3,0.26,1,0,1,1,0.3,0.55,0.05,0.68,0.66,0.42,0.1,0.06,0.01,0,162
156,1809,B1,SC,1,3,0.5,1,0,1,12,0.16,0.3,0.01,0.39,0.38,0.18,0.02,0.02,0.01,0,163
156,1810,B1,SC,1,3,0.54,1,0,1,5,0.2,0.39,0.02,0.48,0.47,0.24,0.03,0.02,0.01,0,164
156,1812,B1,SC,1,3,0.62,1,0,1,12,0.17,0.33,0.02,0.43,0.41,0.19,0.02,0.02,0.02,0,165
156,1814,B1,SC,1,3,0.64,1,0,1,3,0.17,0.32,0.02,0.41,0.4,0.18,0.02,0.02,0.02,0,166
156,1815,B1,SC,1,3,0,1,0,0,12,0.75,0.77,0.73,0.85,0.82,0.82,0.78,0.72,0.66,0,167
156,1817,B1,SC,1,3,0,1,0,0,2,0.44,0.55,0.33,0.61,0.59,0.54,0.43,0.32,0.22,0,168
156,1817,B1,SC,1,3,0,1,0,0,1,0.47,0.64,0.3,0.75,0.73,0.64,0.43,0.3,0.17,0,169
156,1818,B1,SC,1,3,0.1,1,0,1,4,0.35,0.58,0.12,0.69,0.67,0.53,0.22,0.13,0.04,0,170
156,1820,B1,SC,1,3,0.18,1,0,1,4,0.27,0.47,0.06,0.57,0.55,0.38,0.12,0.07,0.03,0,171
156,1821,B1,SC,1,3,0.13,1,0,1,4,0.28,0.47,0.08,0.55,0.54,0.41,0.15,0.09,0.04,0,172
156,1822,B1,SC,1,3,0.22,1,0,1,9,0.23,0.41,0.06,0.49,0.47,0.33,0.1,0.07,0.04,0,173
156,1824,B1,SC,1,3,0.16,1,0,1,5,0.23,0.4,0.06,0.49,0.47,0.31,0.09,0.07,0.04,0,174
156,1826,B1,SC,1,3,0.25,1,0,1,5,0.26,0.45,0.06,0.54,0.53,0.35,0.09,0.07,0.05,0,175
156,1827,B1,SC,1,3,0.56,1,0,1,10,0.18,0.33,0.03,0.43,0.42,0.22,0.03,0.04,0.04,0,176
156,1828,B1,SC,1,3,0.57,1,0,1,11,0.19,0.34,0.03,0.44,0.43,0.24,0.04,0.04,0.05,0,177
156,1829,B1,SC,1,3,0.47,1,0,1,11,0.2,0.36,0.04,0.46,0.44,0.26,0.05,0.05,0.05,0,178
156,1830,B1,SC,1,3,0.54,1,0,1,11,0.19,0.34,0.03,0.44,0.42,0.23,0.04,0.04,0.05,0,179
156,1830,B1,SC,1,3,0.61,1,0,1,11,0.16,0.29,0.03,0.38,0.37,0.19,0.03,0.04,0.05,0,180
156,1831,B1,SC,1,3,0.56,1,0,1,11,0.16,0.28,0.03,0.37,0.36,0.19,0.03,0.04,0.05,0,181
156,1834,B1,SC,1,3,0.33,1,0,1,3,0.21,0.37,0.04,0.45,0.44,0.27,0.06,0.06,0.05,0,182
156,1835,B1,SC,1,3,0.51,1,0,1,12,0.16,0.29,0.03,0.39,0.38,0.21,0.04,0.04,0.04,0,183
156,1836,B1,SC,1,3,0.43,1,0,1,12,0.2,0.37,0.04,0.48,0.46,0.27,0.05,0.05,0.04,0,184
156,1837,B1,SC,1,3,0.41,1,0,1,1,0.23,0.42,0.04,0.54,0.52,0.32,0.07,0.06,0.04,0,185
156,1838,B1,SC,1,3,0.63,1,0,1,11,0.11,0.19,0.03,0.26,0.26,0.15,0.03,0.03,0.04,0,186
156,1839,B1,SC,1,3,0.19,1,0,1,4,0.25,0.45,0.06,0.55,0.53,0.34,0.09,0.07,0.04,0,187
156,1840,B1,SC,1,3,0.34,1,0,1,4,0.24,0.43,0.05,0.54,0.53,0.34,0.08,0.06,0.04,0,188
156,1841,B1,SC,1,3,0.55,1,0,1,5,0.18,0.34,0.03,0.43,0.42,0.25,0.05,0.04,0.03,0,189
156,1842,B1,SC,1,3,0.28,1,0,1,3,0.09,0.17,0.02,0.23,0.22,0.1,0.02,0.02,0.03,0,190
156,1843,B1,SC,1,3,0.16,1,0,1,3,0.26,0.44,0.07,0.52,0.5,0.37,0.13,0.08,0.03,0,191
156,1845,B1,SC,1,3,0,1,0,0,2,0.59,0.72,0.47,0.81,0.79,0.73,0.6,0.46,0.32,0,192
156,1845,B1,SC,1,3,0,1,0,0,2,0.45,0.62,0.28,0.71,0.69,0.57,0.4,0.28,0.16,0,193
156,1845,B1,SC,1,3,0,1,0,0,2,0.57,0.7,0.44,0.79,0.77,0.7,0.57,0.44,0.3,0,194
156,1845,B1,SC,1,3,0,1,0,0,2,0.59,0.73,0.45,0.83,0.8,0.73,0.59,0.44,0.29,0,195
156,1845,B1,SC,1,3,0,1,0,0,2,0.5,0.6,0.39,0.67,0.65,0.61,0.5,0.38,0.27,0,196
158,1942,B1,SC,5,2,0.24,0,0,1,6,0.22,0.39,0.06,0.48,0.46,0.28,0.08,0.07,0.06,0,197
158,1942,B1,SC,5,2,0.24,0,0,1,6,0.27,0.47,0.07,0.57,0.56,0.34,0.1,0.09,0.07,0,198
158,1943,B1,SC,5,2,0.23,0,0,1,6,0.27,0.47,0.07,0.58,0.56,0.32,0.09,0.08,0.07,0,199
158,1944,B1,SC,5,2,0.25,0,0,1,6,0.3,0.52,0.07,0.65,0.63,0.35,0.1,0.09,0.07,0,200
158,1944,B1,SC,5,2,0.27,0,0,1,6,0.28,0.5,0.07,0.63,0.61,0.33,0.09,0.08,0.07,0,201
158,1945,B1,SC,5,2,0.36,0,0,1,6,0.24,0.41,0.06,0.51,0.5,0.28,0.07,0.07,0.07,0,202
158,1946,B1,SC,5,2,0.33,0,0,1,9,0.28,0.49,0.08,0.6,0.58,0.37,0.1,0.09,0.08,0,203
158,1948,B1,SC,5,2,0.42,0,0,1,4,0.26,0.46,0.07,0.57,0.55,0.32,0.08,0.09,0.09,0,204
158,1950,B1,SC,5,2,0.3,0,0,1,6,0.24,0.42,0.07,0.53,0.51,0.27,0.07,0.08,0.09,0,205
158,1951,B1,SC,5,2,0.35,1,0,1,6,0.27,0.48,0.07,0.59,0.58,0.29,0.07,0.08,0.09,0,206
158,1952,B1,SC,5,2,0.33,0,0,1,6,0.32,0.56,0.08,0.69,0.67,0.39,0.11,0.1,0.09,0,207
158,1953,B1,SC,5,2,0.42,1,0,1,9,0.24,0.42,0.07,0.53,0.51,0.29,0.07,0.08,0.09,0,208
158,1955,B1,SC,5,2,0.4,0,0,1,6,0.25,0.44,0.07,0.55,0.53,0.3,0.07,0.08,0.09,0,209
158,1955,B1,SC,5,2,0.37,0,0,1,9,0.28,0.49,0.07,0.62,0.6,0.34,0.08,0.09,0.09,0,210
162,1058,B5,SC,4,1,0.18,1,0,0,6,0.18,0.29,0.06,0.35,0.33,0.18,0.05,0.08,0.1,0,211
162,1058,B5,SC,4,1,0.19,1,0,0,6,0.17,0.27,0.06,0.33,0.31,0.17,0.05,0.08,0.1,0,212
162,1059,B5,SC,4,1,0.18,1,0,0,6,0.19,0.29,0.08,0.35,0.34,0.19,0.06,0.09,0.12,0,213
162,1146,B5,ST,4,2,0.12,0,0,0,9,0.23,0.39,0.08,0.47,0.46,0.26,0.08,0.1,0.11,0,214
162,1148,B5,ST,4,2,0.14,0,0,0,9,0.27,0.44,0.1,0.52,0.51,0.3,0.1,0.12,0.14,0,215
162,1150,B5,ST,4,2,0.24,0,0,1,9,0.21,0.33,0.09,0.4,0.39,0.23,0.06,0.11,0.15,0,216
162,1152,B5,ST,4,2,0.27,0,0,1,9,0.22,0.35,0.09,0.43,0.42,0.23,0.06,0.11,0.16,0,217
162,1449,B1,CL,1,3,0.25,1,0,0,3,0.19,0.35,0.02,0.43,0.42,0.26,0.05,0.02,0,0,218
162,1450,B1,CL,1,3,0.32,1,0,0,3,0.21,0.4,0.02,0.49,0.48,0.3,0.06,0.03,0,0,219
162,1451,B1,CL,1,3,0.32,1,0,0,3,0.2,0.38,0.02,0.47,0.45,0.27,0.04,0.02,0,0,220
162,1453,B1,CL,1,3,0.35,1,0,0,3,0.16,0.3,0.01,0.37,0.36,0.22,0.04,0.02,0,0,221
162,1454,B1,CL,1,3,0.41,1,0,0,3,0.17,0.32,0.02,0.39,0.38,0.24,0.04,0.02,0,0,222
162,1455,B1,CL,1,3,0.34,1,1,0,3,0.24,0.37,0.11,0.42,0.41,0.3,0.18,0.11,0.04,4.5,223
162,1459,B1,CL,1,3,0.34,1,0,0,3,0.12,0.22,0.01,0.28,0.27,0.14,0.02,0.01,0,0,224
162,1506,B1,CL,1,3,0.28,1,0,0,5,0.09,0.17,0.01,0.22,0.21,0.14,0.03,0.01,0,0,225
163,1059,B1,SC,4,3,0.36,1,0,0,9,0.2,0.35,0.04,0.45,0.43,0.28,0.07,0.05,0.02,0,226
163,1100,B1,SC,4,3,0.39,1,0,0,9,0.19,0.34,0.04,0.44,0.43,0.28,0.07,0.05,0.02,0,227
163,1101,B1,SC,4,3,0.44,1,0,0,8,0.19,0.35,0.03,0.45,0.44,0.26,0.05,0.04,0.02,0,228
163,1103,B1,SC,4,3,0.51,1,0,0,8,0.19,0.35,0.03,0.45,0.44,0.24,0.05,0.03,0.02,0,229
163,1105,B1,SC,4,3,0.36,1,0,0,9,0.18,0.34,0.03,0.43,0.42,0.25,0.05,0.03,0.01,0,230
163,1107,B1,SC,4,3,0.5,1,0,0,9,0.17,0.32,0.03,0.41,0.4,0.21,0.04,0.03,0.02,0,231
163,1108,B1,SC,4,3,0.69,1,0,1,9,0.17,0.31,0.03,0.41,0.4,0.21,0.04,0.03,0.02,0,232
163,1110,B1,SC,4,3,0.36,1,0,0,11,0.17,0.3,0.03,0.39,0.38,0.24,0.06,0.03,0.01,0,233
163,1114,B1,SC,4,3,0.45,1,0,0,9,0.17,0.32,0.02,0.42,0.4,0.23,0.04,0.03,0.01,0,234
163,1115,B1,SC,5,3,0.57,1,0,1,11,0.16,0.29,0.02,0.38,0.37,0.2,0.04,0.03,0.01,0,235
163,1129,B1,SC,4,3,0.22,1,0,0,6,0.22,0.41,0.03,0.5,0.48,0.27,0.06,0.03,0,0,236
163,1133,B1,SC,4,3,0.28,1,0,0,15,0.09,0.16,0.02,0.19,0.19,0.12,0.03,0.02,0,0,237
163,1134,B1,SC,4,3,0.27,1,0,0,15,0.09,0.17,0.01,0.2,0.2,0.12,0.03,0.02,0,0,238
164,1444,B1,SC,3,3,0.14,1,0,0,4,0.1,0.17,0.02,0.19,0.19,0.12,0.03,0.03,0.02,0,239
164,1445,B1,SC,3,3,0.18,1,0,0,4,0.1,0.17,0.02,0.2,0.2,0.12,0.03,0.03,0.02,0,240
164,1446,B1,SC,3,3,0.22,1,0,0,2,0.13,0.23,0.03,0.26,0.26,0.16,0.04,0.03,0.02,0,241
164,1146,B1,SC,3,3,0.17,1,0,0,2,0.11,0.2,0.03,0.22,0.22,0.14,0.04,0.03,0.02,0,242
164,1147,B1,SC,3,3,0.17,1,0,0,4,0.08,0.13,0.02,0.16,0.15,0.09,0.03,0.02,0.02,0,243
164,1147,B1,SC,3,3,0.15,1,1,0,4,0.08,0.13,0.02,0.16,0.15,0.09,0.03,0.02,0.02,0.6,244
164,1448,B1,SC,3,3,0.14,1,1,0,4,0.08,0.15,0.02,0.18,0.17,0.1,0.03,0.02,0.02,0.6,245
164,1449,B1,SC,3,3,0.29,1,1,0,15,0.27,0.49,0.05,0.6,0.59,0.34,0.09,0.06,0.02,0.3,246
164,1450,B1,SC,3,3,0.14,1,0,0,15,0.28,0.51,0.05,0.62,0.6,0.37,0.1,0.06,0.02,0,247
164,1451,B1,SC,3,3,0.23,1,0,0,3,0.14,0.26,0.03,0.31,0.3,0.19,0.05,0.04,0.02,0,248
164,1452,B1,SC,3,3,0.19,1,0,0,3,0.1,0.17,0.03,0.2,0.2,0.13,0.04,0.03,0.02,0,249
164,1452,B1,SC,3,3,0.15,1,1,0,4,0.08,0.14,0.02,0.16,0.15,0.1,0.03,0.02,0.01,0.7,250
164,1455,B1,SC,3,3,0.22,1,0,0,4,0.15,0.26,0.03,0.3,0.29,0.22,0.07,0.04,0.01,0,251
164,1456,B1,SC,3,3,0.33,1,0,0,2,0.1,0.18,0.02,0.21,0.21,0.13,0.04,0.02,0.01,0,252
164,1457,B1,SC,3,3,0.36,1,0,0,3,0.25,0.45,0.04,0.55,0.53,0.35,0.08,0.05,0.01,0,253
164,1458,B1,SC,3,3,0.26,1,0,0,2,0.19,0.35,0.03,0.44,0.42,0.27,0.06,0.03,0.01,0,254
164,1458,B1,SC,3,3,0.41,1,0,0,15,0.18,0.34,0.03,0.42,0.41,0.25,0.06,0.03,0.01,0,255
164,1500,B1,SC,3,3,0.14,1,0,0,15,0.05,0.09,0.01,0.1,0.1,0.07,0.03,0.02,0,0,256
164,1503,B1,SC,3,3,0.19,1,0,0,2,0.13,0.24,0.03,0.28,0.27,0.19,0.06,0.03,0.01,0,257
164,1504,B1,SC,3,3,0.14,1,0,0,15,0.06,0.1,0.01,0.12,0.11,0.07,0.02,0.01,0,0,258
164,1507,B1,SC,3,3,0.2,1,0,0,4,0.1,0.19,0.02,0.22,0.21,0.15,0.05,0.03,0,0,259
164,1507,B1,SC,3,3,0.25,1,0,0,4,0.1,0.18,0.02,0.21,0.2,0.15,0.04,0.02,0,0,260
165,954,B1,SC,3,2,0.13,1,0,0,9,0.18,0.33,0.03,0.4,0.39,0.26,0.08,0.04,0.01,0,261
165,958,B1,SC,3,2,0.28,1,0,0,9,0.12,0.22,0.01,0.27,0.25,0.14,0.02,0.02,0.01,0,262
165,959,B1,SC,3,2,0.28,1,0,0,9,0.14,0.26,0.01,0.32,0.31,0.16,0.03,0.02,0,0,263
165,1001,B1,SC,3,2,0.64,1,0,0,3,0.07,0.14,0.01,0.18,0.16,0.08,0.01,0.01,0,0,264
165,1004,B1,SC,3,2,0.27,1,0,0,9,0.16,0.3,0.02,0.37,0.36,0.2,0.04,0.02,0.01,0,265
165,1010,B1,SC,3,2,0.24,0,0,0,10,0.18,0.34,0.02,0.42,0.41,0.21,0.04,0.02,0.01,0,266
165,1012,B1,SC,3,2,0.23,0,0,0,10,0.17,0.31,0.02,0.38,0.37,0.19,0.03,0.02,0.01,0,267
165,1014,B1,SC,3,2,0.23,0,0,0,10,0.19,0.35,0.02,0.41,0.4,0.23,0.05,0.03,0.01,0,268
165,1015,B1,SC,3,2,0.21,1,0,0,10,0.16,0.3,0.02,0.36,0.35,0.2,0.04,0.03,0.01,0,269
165,1020,B1,SC,1,2,0.23,0,0,0,10,0.17,0.33,0.01,0.42,0.41,0.19,0.02,0.01,0,0,270
165,1022,B1,SC,2,2,0.23,0,0,0,10,0.15,0.3,0.01,0.37,0.36,0.18,0.02,0.01,0,0,271
165,1023,B1,SC,2,2,0.27,0,0,0,10,0.13,0.25,0.01,0.3,0.29,0.15,0.03,0.01,0,0,272
165,1024,B1,SC,2,2,0.28,0,0,0,10,0.16,0.31,0.01,0.37,0.36,0.19,0.03,0.02,0,0,273
165,1025,B1,SC,2,2,0.27,0,0,0,10,0.14,0.27,0.01,0.32,0.32,0.17,0.02,0.01,0,0,274
165,1026,B1,SC,2,2,0.3,1,0,0,9,0.13,0.25,0.01,0.3,0.29,0.14,0.02,0.01,0,0,275
165,1027,B1,SC,2,2,0.24,1,0,0,10,0.18,0.33,0.02,0.39,0.39,0.22,0.04,0.02,0,0,276
165,1029,B1,SC,2,2,0.29,1,0,1,9,0.14,0.28,0.01,0.35,0.33,0.16,0.02,0.01,0,0,277
165,1030,B1,SC,2,2,0.26,0,0,0,10,0.16,0.3,0.01,0.36,0.36,0.18,0.03,0.01,0,0,278
165,1032,B1,SC,2,2,0.26,1,0,0,10,0.19,0.36,0.01,0.43,0.42,0.23,0.04,0.02,0,0,279
165,1041,B1,SC,1,2,0.27,1,0,1,2,0.18,0.34,0.01,0.42,0.41,0.2,0.03,0.02,0,0,280
165,1042,B1,CL,1,2,0.25,0,0,0,4,0.21,0.4,0.02,0.49,0.48,0.25,0.04,0.02,0,0,281
165,1043,B1,CL,1,2,0.25,0,0,0,4,0.19,0.36,0.01,0.45,0.44,0.23,0.04,0.02,0,0,282
165,1044,B1,CL,1,2,0.27,1,0,1,9,0.18,0.34,0.01,0.44,0.42,0.22,0.03,0.02,0,0,283
165,1045,B1,CL,1,2,0.26,0,0,0,9,0.17,0.33,0.01,0.42,0.41,0.19,0.02,0.01,0,0,284
165,1045,B1,CL,1,2,0.23,0,0,0,9,0.19,0.36,0.01,0.44,0.44,0.21,0.03,0.01,0,0,285
165,1046,B1,CL,1,2,0.2,0,0,0,9,0.19,0.37,0.01,0.46,0.44,0.21,0.03,0.02,0,0,286
165,1048,B1,CL,1,2,0.25,0,0,0,9,0.2,0.39,0.01,0.47,0.46,0.25,0.04,0.02,0,0,287
165,1051,B1,CL,1,2,0.24,1,0,0,11,0.19,0.36,0.01,0.46,0.45,0.24,0.04,0.02,0,0,288
165,1052,B1,CL,1,2,0.28,1,0,0,11,0.16,0.3,0.01,0.38,0.37,0.2,0.03,0.02,0,0,289
165,1105,B1,CL,1,2,0.48,0,0,0,2,0.21,0.41,0.01,0.49,0.49,0.26,0.04,0.02,0,0,290
165,1106,B1,CL,1,2,0.54,0,0,1,5,0.2,0.38,0.01,0.47,0.46,0.22,0.02,0.01,0,0,291
165,1108,B1,CL,1,2,0.53,0,0,1,3,0.19,0.38,0.01,0.47,0.45,0.21,0.02,0.01,0,0,292
165,1109,B1,CL,1,2,0.55,0,0,0,3,0.2,0.39,0.01,0.51,0.47,0.21,0.02,0.01,0,0,293
165,1111,B1,CL,1,2,0.62,0,0,0,3,0.23,0.46,0.01,0.56,0.54,0.27,0.03,0.02,0,0,294
165,1112,B1,CL,1,2,0.63,0,0,0,3,0.23,0.44,0.01,0.56,0.52,0.24,0.03,0.01,0,0,295
165,1112,B1,CL,1,2,0.63,0,0,0,3,0.21,0.41,0.01,0.54,0.48,0.2,0.02,0.01,0,0,296
165,1113,B1,CL,1,2,0.64,0,0,0,3,0.21,0.42,0.01,0.55,0.49,0.21,0.02,0.01,0,0,297
165,1114,B1,CL,1,2,0.61,0,0,0,3,0.21,0.4,0.01,0.53,0.48,0.21,0.02,0.01,0,0,298
165,1115,B1,CL,1,2,0.61,0,0,0,2,0.21,0.41,0.01,0.52,0.48,0.22,0.02,0.01,0,0,299
165,1116,B1,CL,1,2,0.6,0,0,0,3,0.2,0.4,0.01,0.51,0.47,0.21,0.02,0.01,0,0,300
165,1117,B1,CL,1,2,0.6,0,0,1,3,0.2,0.4,0.01,0.51,0.47,0.21,0.02,0.01,0,0,301
165,1118,B1,CL,1,2,0.59,0,0,1,3,0.2,0.4,0.01,0.51,0.48,0.22,0.02,0.01,0,0,302
165,1127,B1,CL,1,2,0.32,0,0,1,3,0.17,0.34,0.01,0.42,0.4,0.19,0.03,0.01,0,0,303
165,1128,B1,CL,1,2,0.32,0,0,0,4,0.18,0.36,0.01,0.47,0.43,0.18,0.02,0.01,0,0,304
165,1129,B1,CL,1,2,0.3,0,0,0,4,0.19,0.38,0.01,0.5,0.45,0.19,0.02,0.01,0,0,305
165,1129,B1,CL,1,2,0.31,0,0,0,4,0.17,0.33,0.01,0.44,0.4,0.17,0.02,0.01,0,0,306
165,1130,B1,CL,1,2,0.31,1,0,0,3,0.22,0.42,0.02,0.53,0.49,0.24,0.04,0.02,0,0,307
165,1131,B1,CL,1,2,0.2,1,1,0,3,0.22,0.43,0.02,0.54,0.5,0.25,0.04,0.02,0,0.2,308
165,1135,B1,CL,1,2,0.18,1,0,0,3,0.21,0.4,0.02,0.49,0.47,0.24,0.04,0.02,0,0,309
165,1136,B1,CL,1,2,0.22,1,0,0,3,0.19,0.37,0.01,0.45,0.43,0.22,0.04,0.02,0,0,310
168,908,B1,SC,3,2,0.18,1,0,0,10,0.16,0.31,0.02,0.39,0.37,0.21,0.04,0.02,0.01,0,311
168,909,B1,SC,3,2,0.17,1,0,0,11,0.15,0.28,0.02,0.36,0.35,0.19,0.04,0.02,0.01,0,312
168,911,B1,SC,3,2,0.16,1,0,0,6,0.19,0.35,0.02,0.43,0.42,0.21,0.04,0.02,0.01,0,313
168,912,B1,SC,3,2,0.15,1,0,0,6,0.22,0.41,0.03,0.52,0.49,0.24,0.05,0.03,0.01,0,314
168,918,B1,SC,3,2,0.2,0,0,0,6,0.17,0.31,0.03,0.36,0.36,0.22,0.05,0.03,0.01,0,315
168,919,B1,SC,3,2,0.19,0,0,0,6,0.17,0.31,0.03,0.37,0.36,0.21,0.05,0.03,0.01,0,316
168,920,B1,SC,3,2,0.32,1,0,0,9,0.15,0.28,0.02,0.36,0.35,0.18,0.03,0.02,0.01,0,317
168,922,B1,SC,3,2,0.13,0,0,1,6,0.18,0.33,0.03,0.39,0.38,0.21,0.05,0.04,0.02,0,318
168,924,B1,SC,3,2,0.12,1,0,0,6,0.16,0.3,0.03,0.36,0.35,0.19,0.05,0.03,0.02,0,319
168,925,B1,SC,3,2,0.14,1,0,1,4,0.19,0.33,0.04,0.39,0.38,0.25,0.07,0.05,0.02,0,320
168,927,B1,SC,3,2,0.14,1,0,0,6,0.18,0.34,0.03,0.42,0.39,0.21,0.05,0.03,0.02,0,321
168,929,B1,SC,3,2,0.2,1,0,0,6,0.19,0.35,0.03,0.42,0.41,0.23,0.05,0.03,0.02,0,322
168,930,B1,SC,3,2,0.13,0,0,1,6,0.17,0.32,0.03,0.38,0.37,0.2,0.05,0.04,0.02,0,323
168,932,B1,SC,3,2,0.18,1,0,0,6,0.21,0.39,0.03,0.47,0.46,0.24,0.05,0.04,0.02,0,324
168,935,B1,SC,3,2,0.17,0,0,1,6,0.25,0.45,0.05,0.54,0.52,0.32,0.1,0.06,0.03,0,325
168,937,B1,SC,3,2,0.42,1,0,1,2,0.21,0.38,0.03,0.49,0.47,0.23,0.04,0.03,0.03,0,326
168,939,B1,SC,3,2,0.26,1,0,0,6,0.22,0.4,0.04,0.49,0.47,0.23,0.05,0.04,0.04,0,327
168,941,B1,SC,3,2,0.3,1,0,0,6,0.23,0.42,0.03,0.51,0.5,0.26,0.05,0.04,0.03,0,328
168,945,B1,SC,3,2,0.2,1,0,0,6,0.23,0.42,0.03,0.52,0.5,0.25,0.05,0.04,0.03,0,329
168,946,B1,SC,3,2,0.18,1,0,0,9,0.19,0.34,0.03,0.44,0.42,0.23,0.05,0.04,0.03,0,330
168,947,B1,SC,3,2,0.16,1,0,0,9,0.19,0.34,0.03,0.43,0.42,0.23,0.05,0.04,0.03,0,331
168,950,B1,SC,3,2,0.19,1,0,0,6,0.21,0.39,0.03,0.48,0.47,0.22,0.04,0.04,0.04,0,332
168,952,B1,SC,3,2,0.32,0,0,1,6,0.16,0.28,0.03,0.35,0.34,0.18,0.04,0.04,0.03,0,333
168,952,B1,SC,3,2,0.36,0,0,1,6,0.14,0.26,0.03,0.31,0.31,0.16,0.04,0.03,0.03,0,334
168,955,B1,SC,3,2,0.22,1,0,0,9,0.18,0.33,0.03,0.43,0.42,0.2,0.03,0.03,0.03,0,335
168,956,B1,SC,3,2,0.25,1,0,0,9,0.18,0.32,0.03,0.41,0.4,0.19,0.03,0.03,0.03,0,336
168,957,B1,SC,2,2,0.29,1,0,0,5,0.23,0.43,0.03,0.55,0.53,0.25,0.04,0.04,0.03,0,337
168,959,B1,SC,3,2,0.3,1,0,0,5,0.2,0.36,0.03,0.45,0.43,0.25,0.05,0.04,0.03,0,338
168,1000,B1,SC,3,2,0.27,1,0,0,9,0.22,0.39,0.04,0.47,0.46,0.27,0.06,0.05,0.03,0,339
168,1003,B1,SC,3,2,0.17,1,0,0,11,0.17,0.32,0.03,0.4,0.38,0.21,0.04,0.04,0.03,0,340
168,1004,B1,SC,3,2,0.09,1,0,0,6,0.21,0.38,0.04,0.45,0.45,0.25,0.06,0.05,0.03,0,341
168,1005,B1,SC,3,2,0.11,1,0,0,6,0.22,0.39,0.04,0.46,0.45,0.27,0.07,0.05,0.03,0,342
168,1007,B1,SC,3,2,0.17,1,0,0,6,0.19,0.36,0.03,0.47,0.41,0.2,0.04,0.04,0.03,0,343
168,1010,B1,SC,3,2,0.17,1,0,0,6,0.22,0.4,0.03,0.48,0.47,0.25,0.06,0.04,0.02,0,344
168,1012,B1,SC,3,2,0.13,1,0,0,6,0.25,0.46,0.03,0.57,0.56,0.28,0.05,0.04,0.03,0,345
168,1448,B1,CC,3,3,0.21,1,0,0,15,0.06,0.12,0.01,0.14,0.14,0.08,0.01,0.01,0,0,346
168,1450,B1,CC,3,3,0.16,1,0,0,15,0.06,0.11,0,0.13,0.13,0.07,0.01,0.01,0,0,347
168,1452,B1,CC,3,3,0.2,1,0,0,15,0.07,0.13,0.01,0.15,0.15,0.08,0.01,0.01,0,0,348
168,1453,B1,CC,3,3,0.21,1,0,0,15,0.1,0.19,0.01,0.24,0.23,0.13,0.02,0.01,0,0,349
168,1454,B1,CC,3,3,0.26,1,0,0,15,0.08,0.16,0.01,0.19,0.19,0.11,0.02,0.01,0,0,350
168,1455,B1,CC,3,3,0.22,1,0,0,15,0.09,0.18,0.01,0.21,0.2,0.13,0.03,0.01,0,0,351
168,1456,B1,CC,3,3,0.19,1,0,0,15,0.06,0.12,0.01,0.14,0.14,0.09,0.02,0.01,0,0,352
168,1502,B1,CC,2,3,0.28,1,0,0,15,0.03,0.05,0,0.06,0.06,0.03,0,0,0,0,353
168,1504,B1,CC,2,3,0.24,1,0,0,15,0.04,0.07,0,0.08,0.08,0.04,0.01,0.01,0,0,354
168,1506,B1,CC,2,3,0.38,1,0,0,15,0.03,0.06,0,0.07,0.07,0.04,0.01,0,0,0,355
168,1512,B1,CC,2,3,0.19,1,0,0,15,0.06,0.11,0.01,0.14,0.12,0.06,0.01,0.01,0.01,0,356
168,1513,B1,CC,2,3,0.16,1,0,0,3,0.19,0.36,0.02,0.43,0.4,0.26,0.06,0.03,0.01,0,357
168,1514,B1,CC,2,3,0.18,1,0,0,3,0.1,0.18,0.01,0.22,0.19,0.12,0.03,0.02,0.01,0,358
168,1515,B1,CC,2,3,0.25,1,0,0,15,0.04,0.07,0,0.09,0.08,0.04,0.01,0.01,0,0,359
168,1517,B1,CC,2,3,0.24,1,0,0,15,0.04,0.08,0.01,0.1,0.09,0.05,0.01,0.01,0.01,0,360
168,1549,B1,CL,1,3,0.29,1,0,0,6,0.17,0.32,0.02,0.4,0.38,0.2,0.03,0.02,0.01,0,361
168,1550,B1,CL,1,3,0.24,1,0,0,6,0.18,0.34,0.02,0.41,0.4,0.22,0.04,0.02,0.01,0,362
168,1552,B1,CL,1,3,0.3,1,0,0,6,0.16,0.31,0.01,0.38,0.36,0.19,0.03,0.02,0.01,0,363
168,1553,B1,CL,1,3,0.29,1,0,0,6,0.17,0.34,0.01,0.43,0.4,0.18,0.02,0.02,0.01,0,364
168,1555,B1,CL,1,3,0.32,1,0,0,6,0.17,0.31,0.02,0.37,0.37,0.2,0.03,0.02,0.01,0,365
168,1557,B1,CL,1,3,0.21,0,0,1,2,0.22,0.4,0.04,0.47,0.46,0.3,0.08,0.05,0.01,0,366
168,1558,B1,CL,1,3,0.35,1,0,0,5,0.14,0.28,0.01,0.33,0.33,0.17,0.02,0.02,0.01,0,367
168,1601,B1,CL,1,3,0.2,1,0,0,5,0.15,0.29,0.02,0.36,0.33,0.18,0.03,0.02,0.01,0,368
168,1602,B1,CL,1,3,0.2,1,0,0,4,0.08,0.15,0.01,0.18,0.17,0.09,0.02,0.01,0.01,0,369
168,1604,B1,CL,1,3,0.28,1,0,0,5,0.14,0.26,0.01,0.31,0.3,0.18,0.03,0.02,0.01,0,370
168,1606,B1,CL,1,3,0.13,0,0,0,3,0.23,0.41,0.04,0.48,0.47,0.3,0.09,0.05,0.01,0,371
168,1612,B1,CL,1,3,0.36,1,0,1,9,0.17,0.33,0.02,0.41,0.4,0.21,0.04,0.02,0.01,0,372
168,1614,B1,CL,1,3,0.43,1,0,1,9,0.2,0.39,0.02,0.5,0.48,0.26,0.04,0.02,0.01,0,373
168,1615,B1,CL,1,3,0.6,1,0,1,9,0.18,0.35,0.02,0.44,0.43,0.23,0.03,0.02,0.01,0,374
168,1618,B1,CL,1,3,0.32,1,0,1,9,0.15,0.28,0.02,0.36,0.35,0.19,0.03,0.02,0.01,0,375
168,1620,B1,CL,1,3,0.39,1,0,1,9,0.14,0.27,0.02,0.34,0.33,0.18,0.03,0.02,0.02,0,376
168,1621,B1,CL,1,3,0.6,1,0,1,9,0.16,0.3,0.02,0.39,0.38,0.19,0.02,0.02,0.02,0,377
168,1623,B1,CL,1,3,0.66,1,0,1,9,0.14,0.27,0.02,0.37,0.36,0.17,0.02,0.02,0.02,0,378
168,1623,B1,CL,1,3,0.62,1,0,1,9,0.16,0.29,0.02,0.38,0.37,0.19,0.02,0.02,0.03,0,379
168,1626,B1,CL,1,3,0.77,1,0,1,3,0.14,0.26,0.02,0.34,0.33,0.16,0.02,0.02,0.02,0,380
168,1628,B1,CL,1,3,0.5,1,0,1,5,0.16,0.3,0.02,0.38,0.37,0.19,0.03,0.02,0.02,0,381
168,1628,B1,CL,1,3,0.59,1,0,1,9,0.16,0.3,0.02,0.39,0.37,0.2,0.03,0.03,0.02,0,382
168,1629,B1,CL,1,3,0.61,1,0,1,9,0.16,0.3,0.02,0.39,0.38,0.2,0.03,0.02,0.02,0,383
173,1155,B1,SC,3,1,0.2,1,0,0,15,0.12,0.22,0.02,0.28,0.26,0.13,0.03,0.03,0.02,0,384
173,1157,B1,SC,3,1,0.12,1,0,0,15,0.13,0.25,0.02,0.31,0.29,0.14,0.03,0.02,0.02,0,385
173,1159,B1,SC,3,1,0.1,1,0,0,16,0.2,0.36,0.04,0.42,0.4,0.25,0.09,0.05,0.02,0,386
173,1203,B1,SC,4,1,0.11,1,0,0,15,0.11,0.19,0.02,0.24,0.23,0.12,0.03,0.02,0.01,0,387
173,1204,B1,SC,4,1,0.12,1,0,0,16,0.17,0.3,0.04,0.34,0.34,0.22,0.07,0.04,0.02,0,388
173,1206,B1,SC,4,1,0.27,1,0,0,16,0.09,0.15,0.02,0.19,0.18,0.1,0.03,0.02,0.01,0,389
173,1208,B1,SC,4,1,0.25,1,0,0,16,0.09,0.15,0.02,0.19,0.18,0.1,0.03,0.02,0.01,0,390
173,1209,B1,SC,3,1,0.24,1,0,0,16,0.1,0.17,0.02,0.21,0.2,0.12,0.04,0.03,0.02,0,391
173,1210,B1,SC,3,1,0.14,1,0,0,16,0.12,0.21,0.02,0.25,0.25,0.13,0.03,0.02,0.01,0,392
173,1225,B1,SC,4,1,0.14,1,0,0,15,0.11,0.21,0.02,0.26,0.24,0.12,0.03,0.02,0,0,393
173,1227,B1,SC,4,1,0.16,1,0,0,15,0.11,0.2,0.02,0.25,0.24,0.12,0.04,0.02,0,0,394
173,1229,B1,SC,4,1,0.21,1,0,0,16,0.14,0.27,0.02,0.31,0.3,0.18,0.05,0.02,0,0,395
173,1230,B1,SC,4,1,0.09,1,0,0,15,0.1,0.18,0.01,0.23,0.21,0.11,0.03,0.02,0,0,396
173,1232,B1,SC,5,1,0.06,1,0,0,15,0.11,0.21,0.02,0.26,0.24,0.13,0.04,0.02,0,0,397
173,1233,B1,SC,4,1,0.09,1,0,0,15,0.11,0.19,0.02,0.24,0.23,0.12,0.03,0.02,0,0,398
173,1234,B1,SC,4,1,0.13,1,0,0,16,0.11,0.2,0.02,0.24,0.23,0.12,0.04,0.02,0.01,0,399
173,1236,B1,SC,4,1,0.18,1,0,0,16,0.09,0.17,0.02,0.2,0.2,0.1,0.03,0.02,0,0,400
173,1237,B1,SC,4,1,0.19,1,0,0,15,0.22,0.41,0.04,0.47,0.46,0.29,0.09,0.04,0,0,401
173,1239,B1,SC,4,1,0.26,1,0,0,16,0.21,0.38,0.03,0.44,0.44,0.26,0.06,0.03,0,0,402
173,1240,B1,SC,4,1,0.12,1,1,0,16,0.33,0.5,0.17,0.56,0.54,0.42,0.26,0.16,0.06,3,403
173,1243,B1,SC,4,1,0.21,1,0,0,17,0.08,0.15,0.02,0.17,0.17,0.1,0.03,0.02,0,0,404
173,1244,B1,SC,4,1,0.28,1,0,0,17,0.09,0.16,0.02,0.19,0.19,0.11,0.03,0.02,0,0,405
173,1246,B1,SC,5,1,0.21,1,0,0,16,0.17,0.3,0.03,0.34,0.34,0.22,0.07,0.04,0,0,406
173,1246,B1,SC,5,1,0.19,1,0,0,14,0.14,0.26,0.02,0.3,0.3,0.19,0.05,0.03,0,0,407
174,1034,B1,CL,1,2,0.23,1,0,1,9,0.16,0.31,0.01,0.39,0.38,0.19,0.03,0.01,0,0,408
174,1035,B1,CL,1,2,0.3,1,0,0,3,0.17,0.32,0.01,0.4,0.39,0.19,0.03,0.02,0,0,409
174,1036,B1,CL,1,2,0.33,1,0,1,9,0.17,0.33,0.01,0.41,0.4,0.2,0.03,0.01,0,0,410
174,1038,B1,CL,1,2,0.3,0,0,1,6,0.17,0.33,0.01,0.45,0.4,0.16,0.02,0.01,0,0,411
174,1039,B1,CL,1,2,0.35,1,0,0,5,0.16,0.31,0.01,0.4,0.39,0.18,0.02,0.01,0,0,412
174,1040,B1,CL,1,2,0.32,1,0,1,6,0.17,0.34,0.01,0.42,0.41,0.19,0.03,0.01,0,0,413
174,1041,B1,CL,1,2,0.41,0,0,1,6,0.18,0.34,0.01,0.43,0.41,0.19,0.02,0.01,0,0,414
174,1044,B1,CL,1,2,0.29,0,0,0,5,0.19,0.36,0.02,0.45,0.42,0.22,0.04,0.02,0,0,415
174,1045,B1,CL,1,2,0.24,1,0,0,6,0.16,0.31,0.01,0.39,0.36,0.19,0.03,0.02,0,0,416
174,1046,B1,CL,1,2,0.25,0,0,0,6,0.17,0.33,0.01,0.4,0.4,0.2,0.03,0.02,0,0,417
174,1047,B1,CL,1,2,0.17,1,0,0,4,0.16,0.31,0.01,0.38,0.37,0.19,0.03,0.02,0,0,418
174,1049,B1,CL,1,2,0.16,1,0,0,5,0.19,0.36,0.01,0.44,0.43,0.22,0.03,0.02,0.01,0,419
174,1050,B1,CL,1,2,0.14,1,0,0,6,0.15,0.29,0.01,0.38,0.35,0.15,0.02,0.01,0,0,420
174,1051,B1,CL,1,2,0.25,1,0,0,6,0.15,0.28,0.01,0.37,0.34,0.14,0.02,0.01,0,0,421
174,1054,B1,CL,1,2,0.58,0,0,1,5,0.13,0.26,0.01,0.32,0.31,0.14,0.01,0.01,0.01,0,422
174,1055,B1,CL,1,2,0.56,0,0,1,5,0.12,0.23,0.01,0.3,0.29,0.13,0.01,0.01,0,0,423
174,1056,B1,CL,1,2,0.35,0,0,0,5,0.13,0.25,0.01,0.32,0.31,0.14,0.02,0.01,0,0,424
174,1058,B1,CL,1,2,0.4,0,0,1,6,0.16,0.31,0.01,0.42,0.37,0.15,0.02,0.01,0,0,425
174,1059,B1,CL,1,2,0.45,0,0,1,5,0.19,0.37,0.01,0.46,0.44,0.2,0.03,0.02,0.01,0,426
174,1100,B1,CL,1,2,0.45,0,0,1,5,0.18,0.36,0.01,0.44,0.42,0.2,0.02,0.01,0,0,427
174,1101,B1,CL,1,2,0.37,1,0,0,5,0.15,0.29,0.01,0.37,0.36,0.18,0.03,0.02,0.01,0,428
174,1102,B1,CL,1,2,0.48,0,0,1,6,0.15,0.29,0.01,0.37,0.35,0.14,0.02,0.01,0,0,429
174,1104,B1,CL,1,2,0.29,1,0,1,5,0.17,0.33,0.01,0.42,0.39,0.2,0.03,0.02,0,0,430
174,1108,B1,CL,1,2,0.34,1,0,1,9,0.15,0.29,0.01,0.36,0.35,0.17,0.02,0.01,0,0,431
174,1109,B1,CL,1,2,0.33,1,0,1,9,0.16,0.31,0.01,0.38,0.38,0.17,0.02,0.01,0.01,0,432
174,1110,B1,CL,1,2,0.39,1,0,1,9,0.16,0.31,0.01,0.39,0.38,0.18,0.02,0.01,0.01,0,433
174,1111,B1,CL,1,2,0.34,1,0,0,9,0.14,0.28,0.01,0.36,0.35,0.17,0.02,0.01,0.01,0,434
174,1113,B1,AC,2,2,0.36,1,0,1,9,0.17,0.33,0.01,0.41,0.4,0.2,0.03,0.02,0,0,435
174,1114,B1,AC,2,2,0.38,0,0,1,2,0.25,0.47,0.02,0.56,0.55,0.32,0.06,0.03,0.01,0,436
174,1116,B1,CL,1,2,0.26,0,0,1,9,0.18,0.36,0.01,0.43,0.43,0.2,0.03,0.02,0.01,0,437
174,1118,B1,CL,1,2,0.31,0,0,0,5,0.23,0.43,0.02,0.52,0.51,0.27,0.04,0.03,0.01,0,438
174,1119,B1,AC,2,2,0.24,1,0,0,6,0.17,0.32,0.01,0.4,0.4,0.18,0.02,0.01,0.01,0,439
174,1124,B1,AC,2,2,0.25,1,0,1,6,0.21,0.4,0.01,0.51,0.47,0.22,0.03,0.02,0.01,0,440
174,1125,B1,AC,2,2,0.23,1,0,0,6,0.22,0.43,0.02,0.54,0.5,0.24,0.04,0.02,0.01,0,441
174,1131,B1,AC,2,2,0.32,1,0,0,8,0.17,0.32,0.02,0.41,0.39,0.2,0.03,0.02,0.02,0,442
174,1133,B1,AC,2,2,0.37,1,0,1,5,0.13,0.23,0.02,0.29,0.28,0.15,0.02,0.03,0.03,0,443
174,1137,B1,AC,2,2,0.3,1,0,0,10,0.1,0.18,0.01,0.21,0.21,0.11,0.02,0.02,0.01,0,444
174,1138,B1,AC,2,2,0.36,1,0,0,4,0.11,0.2,0.01,0.25,0.25,0.13,0.02,0.02,0.01,0,445
174,1141,B1,AC,2,2,0.33,1,0,0,5,0.19,0.37,0.02,0.46,0.45,0.22,0.03,0.02,0.01,0,446
174,1142,B1,AC,2,2,0.32,1,0,0,5,0.16,0.3,0.02,0.38,0.37,0.18,0.03,0.02,0.01,0,447
174,1143,B1,AC,2,2,0.33,1,0,0,5,0.13,0.24,0.02,0.3,0.29,0.16,0.03,0.02,0.02,0,448
174,1144,B1,AC,2,2,0.27,1,0,0,5,0.19,0.36,0.02,0.44,0.43,0.2,0.03,0.02,0.02,0,449
174,1145,B1,AC,2,2,0.32,1,0,0,5,0.2,0.38,0.02,0.48,0.47,0.22,0.03,0.03,0.02,0,450
174,1146,B1,AC,2,2,0.25,1,0,0,5,0.21,0.39,0.03,0.48,0.47,0.25,0.04,0.03,0.02,0,451
174,1148,B1,AC,2,2,0.33,1,0,0,5,0.15,0.29,0.02,0.36,0.35,0.17,0.03,0.03,0.03,0,452
174,1148,B1,AC,2,2,0.28,1,0,0,9,0.18,0.34,0.02,0.43,0.42,0.2,0.03,0.03,0.03,0,453
174,1154,B1,AC,3,2,0.44,1,0,0,5,0.14,0.26,0.02,0.33,0.32,0.14,0.02,0.02,0.02,0,454
174,1155,B1,AC,3,2,0.43,0,0,0,5,0.19,0.35,0.02,0.44,0.42,0.19,0.02,0.03,0.03,0,455
174,1156,B1,AC,3,2,0.45,1,0,0,5,0.15,0.27,0.02,0.35,0.32,0.14,0.02,0.02,0.02,0,456
174,1157,B1,AC,3,2,0.4,1,0,0,5,0.17,0.31,0.02,0.41,0.38,0.16,0.02,0.02,0.02,0,457
174,1158,B1,AC,3,2,0.36,1,0,0,6,0.17,0.31,0.02,0.42,0.37,0.15,0.02,0.02,0.02,0,458
174,1159,B1,AC,3,2,0.3,1,0,0,5,0.16,0.3,0.03,0.39,0.34,0.16,0.03,0.03,0.03,0,459
174,1200,B1,AC,3,2,0.22,1,0,0,5,0.2,0.38,0.03,0.48,0.45,0.21,0.03,0.03,0.03,0,460
177,939,B1,AC,3,1,0.11,1,0,0,14,0.09,0.17,0.01,0.21,0.2,0.1,0.02,0.01,0,0,461
177,940,B1,AC,3,1,0.11,1,0,0,14,0.1,0.18,0.01,0.22,0.21,0.11,0.02,0.01,0,0,462
177,944,B1,AC,2,1,0.06,1,0,0,14,0.08,0.16,0.01,0.2,0.19,0.1,0.02,0.01,0,0,463
177,946,B1,AC,2,1,0.09,1,0,0,14,0.1,0.19,0.01,0.23,0.22,0.11,0.02,0.01,0,0,464
177,947,B1,AC,2,1,0.15,1,0,0,14,0.08,0.16,0.01,0.19,0.18,0.1,0.02,0.01,0.01,0,465
177,948,B1,AC,2,1,0.08,1,0,0,14,0.08,0.15,0.01,0.19,0.17,0.09,0.02,0.01,0.01,0,466
177,949,B1,AC,2,1,0.13,1,0,0,16,0.18,0.32,0.03,0.37,0.36,0.23,0.07,0.04,0.01,0,467
177,952,B1,AC,2,1,0.11,0,0,0,14,0.07,0.13,0.01,0.17,0.15,0.07,0.01,0.01,0,0,468
177,954,B1,AC,2,1,0.23,0,0,0,14,0.07,0.13,0.01,0.16,0.14,0.07,0.01,0.01,0,0,469
177,955,B1,AC,2,1,0.23,0,0,0,14,0.05,0.1,0,0.13,0.11,0.05,0.01,0.01,0,0,470
177,959,B1,AC,3,1,0.07,1,0,0,14,0.12,0.21,0.02,0.27,0.25,0.13,0.03,0.03,0.02,0,471
177,1001,B1,AC,3,1,0.07,1,0,0,16,0.15,0.26,0.04,0.31,0.3,0.17,0.05,0.04,0.03,0,472
177,1003,B1,AC,3,1,0.05,1,0,0,14,0.1,0.17,0.02,0.22,0.2,0.1,0.02,0.03,0.03,0,473
177,1005,B1,AC,3,1,0.11,1,0,0,16,0.22,0.38,0.05,0.44,0.44,0.27,0.08,0.06,0.04,0,474
177,1007,B1,AC,3,1,0.1,1,0,0,16,0.26,0.44,0.07,0.52,0.5,0.34,0.11,0.08,0.05,0,475
177,1008,B1,AC,3,1,0.16,1,0,0,16,0.21,0.37,0.05,0.43,0.42,0.27,0.07,0.06,0.06,0,476
177,1012,B1,AC,3,1,0.24,1,0,0,14,0.06,0.12,0.01,0.15,0.14,0.07,0.01,0.01,0.01,0,477
177,1013,B1,AC,3,1,0.25,1,0,0,14,0.08,0.13,0.02,0.17,0.15,0.08,0.02,0.02,0.03,0,478
177,1014,B1,AC,3,1,0.2,1,0,0,16,0.16,0.3,0.03,0.39,0.35,0.17,0.03,0.03,0.03,0,479
177,1015,B1,AC,3,1,0.18,1,0,0,16,0.16,0.3,0.03,0.39,0.33,0.17,0.03,0.03,0.03,0,480
177,1016,B1,AC,3,1,0.36,1,0,0,17,0.05,0.08,0.02,0.11,0.09,0.05,0.01,0.03,0.04,0,481
177,1019,B1,AC,3,1,0.2,1,0,0,15,0.21,0.38,0.04,0.45,0.43,0.25,0.06,0.05,0.04,0,482
177,1021,B1,AC,3,1,0.34,1,0,0,16,0.2,0.35,0.04,0.42,0.4,0.23,0.06,0.05,0.04,0,483
177,1103,CR,AC,3,1,0.1,1,0,0,14,0.12,0.16,0.09,0.18,0.18,0.13,0.08,0.1,0.11,0,484
177,1108,CR,AC,2,1,0.1,1,0,0,14,0.12,0.16,0.09,0.18,0.18,0.14,0.08,0.1,0.11,0,485
177,1112,CR,AC,3,1,0.1,1,0,0,14,0.12,0.16,0.09,0.18,0.18,0.13,0.08,0.1,0.11,0,486
177,1120,CR,AC,3,1,0.1,1,0,0,14,0.12,0.16,0.08,0.18,0.18,0.13,0.08,0.09,0.1,0,487
177,1125,CR,AC,3,1,0.1,1,0,0,14,0.12,0.15,0.08,0.18,0.17,0.13,0.08,0.09,0.09,0,488
177,1152,B5,AC,3,1,0.12,1,0,0,16,0.13,0.16,0.1,0.19,0.19,0.11,0.05,0.12,0.2,0,489
177,1153,B5,AC,3,1,0.13,1,0,0,16,0.14,0.16,0.12,0.19,0.19,0.11,0.05,0.14,0.24,0,490
177,1155,B5,AC,3,1,0.16,1,0,1,16,0.2,0.26,0.14,0.3,0.29,0.21,0.09,0.17,0.26,0,491
177,1156,B5,AC,3,1,0.12,1,0,0,16,0.32,0.48,0.16,0.57,0.56,0.35,0.12,0.19,0.27,0,492
177,1157,B5,AC,3,1,0.16,1,0,0,16,0.26,0.37,0.15,0.44,0.43,0.27,0.1,0.19,0.28,0,493
177,1159,B5,AC,3,1,0.16,1,0,0,16,0.21,0.27,0.15,0.32,0.31,0.2,0.07,0.18,0.29,0,494
177,1205,B5,AC,3,1,0.25,1,0,0,17,0.08,0.1,0.05,0.12,0.11,0.07,0.03,0.06,0.09,0,495
177,1205,B5,AC,3,1,0.19,1,0,0,16,0.13,0.2,0.05,0.24,0.24,0.15,0.04,0.07,0.09,0,496
177,1208,B5,AC,3,1,0.23,1,0,0,16,0.14,0.24,0.05,0.29,0.28,0.17,0.04,0.06,0.08,0,497
177,1210,B5,AC,3,1,0.26,1,0,0,16,0.14,0.22,0.06,0.27,0.26,0.16,0.05,0.07,0.1,0,498
177,1211,B5,AC,3,1,0.13,1,0,0,16,0.25,0.4,0.09,0.47,0.45,0.32,0.12,0.11,0.1,0,499
177,1213,B5,AC,3,1,0.06,1,0,0,16,0.12,0.18,0.06,0.22,0.2,0.11,0.03,0.07,0.1,0,500
177,1214,B5,AC,3,1,0.04,1,0,0,16,0.12,0.18,0.06,0.21,0.2,0.11,0.04,0.07,0.1,0,501
177,1215,B5,AC,3,1,0.04,1,0,0,16,0.11,0.17,0.06,0.2,0.19,0.11,0.04,0.07,0.1,0,502
177,1216,B5,AC,3,1,0.05,1,0,0,16,0.11,0.16,0.05,0.19,0.18,0.1,0.03,0.06,0.1,0,503
177,1217,B5,AC,3,1,0.05,1,0,0,16,0.12,0.18,0.06,0.22,0.2,0.11,0.04,0.07,0.1,0,504
